{"cameraMode":{"drawMode":0,"name":"Shaded","section":"Shading Mode"},"sceneLighting":false,"audioPlay":false,"sceneViewState":{"m_AlwaysRefresh":false,"showFog":true,"showSkybox":false,"showFlares":true,"showImageEffects":true,"showParticleSystems":true,"showVisualEffectGraphs":true,"m_FxEnabled":true},"in2DMode":false,"pivot":{"x":1.2936525344848633,"y":0.47521162033081057,"z":-0.11247885227203369},"rotation":{"x":0.3905445337295532,"y":0.1407855749130249,"z":-0.06250111013650894,"w":0.9078496098518372},"size":2.6231045722961427,"orthographic":false}